Timestamp,num_ues,IMSI,RNTI,,slicing_enabled,slice_id,slice_prb,power_multiplier,scheduling_policy,,dl_mcs,dl_n_samples,dl_buffer [bytes],tx_brate downlink [Mbps],tx_pkts downlink,tx_errors downlink (%),dl_cqi,,ul_mcs,ul_n_samples,ul_buffer [bytes],rx_brate uplink [Mbps],rx_pkts uplink,rx_errors uplink (%),ul_rssi,ul_sinr,phr,,sum_requested_prbs,sum_granted_prbs,,dl_pmi,dl_ri,ul_n,ul_turbo_iters
1658344925973,4,72,72,,0,0,0,0,0,,0,0,0,0,0,0,0.1,,0,0,0,0,0,0,0,0,0,,0,0,,0,0,0,0
1658344926223,7,72,72,,0,0,0,0,0,,0,0,0,0,0,0,0.1,,0,0,0,0,0,0,0,0,0,,0,0,,0,0,0,0
1658348023940,2,72,72,,0,0,0,1,0,,2.28571,7,0,0.001056,2,0,0.1,,0,3,0,0.1,1,0,0,0,0,,3,6,,0,0,0,0
1658348024190,1,72,72,,0,0,0,1,0,,0,0,0,0,0,0,0.1,,0,0,0,0,0,0,0,0,0,,0,0,,0,0,0,0
1658348024440,1,72,72,,0,0,0,1,0,,0,0,0,0,0,0,0.1,,0,0,0,0,0,0,0,0,0,,0,0,,0,0,0,0
1658348024690,1,72,72,,0,0,0,1,0,,0,0,0,0,0,0,0.1,,0,0,0,0,0,0,0,0,0,,0,0,,0,0,0,0
1658348068009,2,72,72,,0,0,0,1,0,,0,3,0,0.001024,1,0,0.1,,0.1,4,0,0.1,1,0,0,8.8323,0,,3,3,,0,0,0,1
1658348068259,2,72,72,,0,0,0,1,0,,0,0,0,0,0,0,0.1,,3.25,16,0,0,5,100,0,1.68592,0,,0,0,,0,0,0,10
1658348068509,2,72,72,,0,0,0,1,0,,1,8,0,0.0008,2,0,0.1,,0.1,7,0,0.1,2,0,0,9.00189,40,,3,6,,0,0,0,1
1658348068759,1,72,72,,0,0,0,1,0,,0,0,0,0,0,0,0.1,,0,0,0,0,0,0,0,0,0,,0,0,,0,0,0,0
1658348069009,1,72,72,,0,0,0,1,0,,0,0,0,0,0,0,0.1,,0,0,0,0,0,0,0,0,0,,0,0,,0,0,0,0
1658348069259,1,72,72,,0,0,0,1,0,,0,0,0,0,0,0,3.5,,0,0,0,0,0,0,0,0,0,,0,0,,0,0,0,0
1658348069509,1,72,72,,0,0,0,1,0,,0,0,0,0,0,0,5.66667,,0,0,0,0,0,0,0,0,0,,0,0,,0,0,0,0
1658348069759,1,72,72,,0,0,0,1,0,,0,0,0,0,0,0,0.1,,0,0,0,0,0,0,0,0,0,,0,0,,0,0,0,0
1658348070009,1,72,72,,0,0,0,1,0,,0,0,0,0,0,0,13,,0,0,0,0,0,0,0,0,0,,0,0,,0,0,0,0
1658348070259,1,72,72,,0,0,0,1,0,,0,0,0,0,0,0,6.66667,,0,0,0,0,0,0,0,0,0,,0,0,,0,0,0,0
1658348070509,1,72,72,,0,0,0,1,0,,0,0,0,0,0,0,1,,0,0,0,0,0,0,0,0,0,,0,0,,0,0,0,0
1658348070759,1,72,72,,0,0,0,1,0,,0,0,0,0,0,0,3,,0,0,0,0,0,0,0,0,0,,0,0,,0,0,0,0
1658348071009,1,72,72,,0,0,0,1,0,,0,0,0,0,0,0,9,,0,0,0,0,0,0,0,0,0,,0,0,,0,0,0,0
1658348071259,1,72,72,,0,0,0,1,0,,0,0,0,0,0,0,8,,0,0,0,0,0,0,0,0,0,,0,0,,0,0,0,0
1658348071509,1,72,72,,0,0,0,1,0,,0,0,0,0,0,0,6.66667,,0,0,0,0,0,0,0,0,0,,0,0,,0,0,0,0
1658348071759,1,72,72,,0,0,0,1,0,,0,0,0,0,0,0,5,,0,0,0,0,0,0,0,0,0,,0,0,,0,0,0,0
1658348072009,1,72,72,,0,0,0,1,0,,0,0,0,0,0,0,4,,0,0,0,0,0,0,0,0,0,,0,0,,0,0,0,0
1658348072259,1,72,72,,0,0,0,1,0,,0,0,0,0,0,0,9,,0,0,0,0,0,0,0,0,0,,0,0,,0,0,0,0
1658348072509,1,72,72,,0,0,0,1,0,,0,0,0,0,0,0,12,,0,0,0,0,0,0,0,0,0,,0,0,,0,0,0,0
1658348072759,1,72,72,,0,0,0,1,0,,0,0,0,0,0,0,6,,0,0,0,0,0,0,0,0,0,,0,0,,0,0,0,0
1658348073009,1,72,72,,0,0,0,1,0,,0,0,0,0,0,0,4.33333,,0,0,0,0,0,0,0,0,0,,0,0,,0,0,0,0
1658348073259,1,72,72,,0,0,0,1,0,,0,0,0,0,0,0,13,,0,0,0,0,0,0,0,0,0,,0,0,,0,0,0,0
1658348073509,1,72,72,,0,0,0,1,0,,0,0,0,0,0,0,12,,0,0,0,0,0,0,0,0,0,,0,0,,0,0,0,0
1658348073759,1,72,72,,0,0,0,1,0,,0,0,0,0,0,0,5.25,,0,0,0,0,0,0,0,0,0,,0,0,,0,0,0,0
1658348074009,1,72,72,,0,0,0,1,0,,0,0,0,0,0,0,7.5,,0,0,0,0,0,0,0,0,0,,0,0,,0,0,0,0
1658348074259,1,72,72,,0,0,0,1,0,,0,0,0,0,0,0,1,,0,0,0,0,0,0,0,0,0,,0,0,,0,0,0,0
1658348074509,1,72,72,,0,0,0,1,0,,0,0,0,0,0,0,8.25,,0,0,0,0,0,0,0,0,0,,0,0,,0,0,0,0
1658348074759,1,72,72,,0,0,0,1,0,,0,0,0,0,0,0,0.1,,0,0,0,0,0,0,0,0,0,,0,0,,0,0,0,0
1658348075009,1,72,72,,0,0,0,1,0,,0,0,0,0,0,0,6.6,,0,0,0,0,0,0,0,0,0,,0,0,,0,0,0,0
1658348075259,1,72,72,,0,0,0,1,0,,0,0,0,0,0,0,3.75,,0,0,0,0,0,0,0,0,0,,0,0,,0,0,0,0
1658348075509,1,72,72,,0,0,0,1,0,,0,0,0,0,0,0,8,,0,0,0,0,0,0,0,0,0,,0,0,,0,0,0,0
1658348075759,1,72,72,,0,0,0,1,0,,0,0,0,0,0,0,1,,0,0,0,0,0,0,0,0,0,,0,0,,0,0,0,0
1658348076009,1,72,72,,0,0,0,1,0,,0,0,0,0,0,0,0.1,,0,0,0,0,0,0,0,0,0,,0,0,,0,0,0,0
1658348076259,1,72,72,,0,0,0,1,0,,0,0,0,0,0,0,0.1,,0,0,0,0,0,0,0,0,0,,0,0,,0,0,0,0
1658348076509,1,72,72,,0,0,0,1,0,,0,0,0,0,0,0,11,,0,0,0,0,0,0,0,0,0,,0,0,,0,0,0,0
1658348076759,1,72,72,,0,0,0,1,0,,0,0,0,0,0,0,8.5,,0,0,0,0,0,0,0,0,0,,0,0,,0,0,0,0
1658348077009,1,72,72,,0,0,0,1,0,,0,0,0,0,0,0,7.66667,,0,0,0,0,0,0,0,0,0,,0,0,,0,0,0,0
1658348077259,1,72,72,,0,0,0,1,0,,0,0,0,0,0,0,0.1,,0,0,0,0,0,0,0,0,0,,0,0,,0,0,0,0
1658348077509,1,72,72,,0,0,0,1,0,,0,0,0,0,0,0,3,,0,0,0,0,0,0,0,0,0,,0,0,,0,0,0,0
1658348077759,1,72,72,,0,0,0,1,0,,0,0,0,0,0,0,0.1,,0,0,0,0,0,0,0,0,0,,0,0,,0,0,0,0
1658348078009,1,72,72,,0,0,0,1,0,,0,0,0,0,0,0,11,,0,0,0,0,0,0,0,0,0,,0,0,,0,0,0,0
1658348078259,1,72,72,,0,0,0,1,0,,0,0,0,0,0,0,2.66667,,0,0,0,0,0,0,0,0,0,,0,0,,0,0,0,0
1658348078509,1,72,72,,0,0,0,1,0,,0,0,0,0,0,0,0.1,,0,0,0,0,0,0,0,0,0,,0,0,,0,0,0,0
1658348078759,1,72,72,,0,0,0,1,0,,0,0,0,0,0,0,6.25,,0,0,0,0,0,0,0,0,0,,0,0,,0,0,0,0
1658348079009,1,72,72,,0,0,0,1,0,,0,0,0,0,0,0,0.1,,0,0,0,0,0,0,0,0,0,,0,0,,0,0,0,0
1658348079259,1,72,72,,0,0,0,1,0,,0,0,0,0,0,0,5,,0,0,0,0,0,0,0,0,0,,0,0,,0,0,0,0
1658348079509,1,72,72,,0,0,0,1,0,,0,0,0,0,0,0,0.1,,0,0,0,0,0,0,0,0,0,,0,0,,0,0,0,0
1658348079759,3,72,72,,0,0,0,1,0,,0,0,0,0,0,0,0.1,,0,0,0,0,0,0,0,0,0,,0,0,,0,0,0,0
1658348080009,2,72,72,,0,0,0,1,0,,0,0,0,0,0,0,0.1,,0,0,0,0,0,0,0,0,0,,0,0,,0,0,0,0
1658348080259,2,72,72,,0,0,0,1,0,,0,0,0,0,0,0,0.1,,0,0,0,0,0,0,0,0,0,,0,0,,0,0,0,0
1658348080509,2,72,72,,0,0,0,1,0,,0,0,0,0,0,0,0.1,,0,0,0,0,0,0,0,0,0,,0,0,,0,0,0,0
1658348080759,2,72,72,,0,0,0,1,0,,0,0,0,0,0,0,0.1,,0,0,0,0,0,0,0,0,0,,0,0,,0,0,0,0
1658348081009,2,72,72,,0,0,0,1,0,,0,0,0,0,0,0,4,,0,0,0,0,0,0,0,0,0,,0,0,,0,0,0,0
1658348081259,2,72,72,,0,0,0,1,0,,0,0,0,0,0,0,6.75,,0,0,0,0,0,0,0,0,0,,0,0,,0,0,0,0
1658348081509,2,72,72,,0,0,0,1,0,,0,0,0,0,0,0,8.33333,,0,0,0,0,0,0,0,0,0,,0,0,,0,0,0,0
1658348081759,2,72,72,,0,0,0,1,0,,0,0,0,0,0,0,0.1,,0,0,0,0,0,0,0,0,0,,0,0,,0,0,0,0
1658348082009,2,72,72,,0,0,0,1,0,,0,0,0,0,0,0,1,,0,0,0,0,0,0,0,0,0,,0,0,,0,0,0,0
1658348082259,2,72,72,,0,0,0,1,0,,0,0,0,0,0,0,7,,0,0,0,0,0,0,0,0,0,,0,0,,0,0,0,0
1658348082509,2,72,72,,0,0,0,1,0,,0,0,0,0,0,0,1,,0,0,0,0,0,0,0,0,0,,0,0,,0,0,0,0
1658348082759,2,72,72,,0,0,0,1,0,,0,0,0,0,0,0,0.1,,0,0,0,0,0,0,0,0,0,,0,0,,0,0,0,0
1658348083009,2,72,72,,0,0,0,1,0,,0,0,0,0,0,0,6,,0,0,0,0,0,0,0,0,0,,0,0,,0,0,0,0
1658348083259,2,72,72,,0,0,0,1,0,,0,0,0,0,0,0,9,,0,0,0,0,0,0,0,0,0,,0,0,,0,0,0,0
1658348083509,2,72,72,,0,0,0,1,0,,0,0,0,0,0,0,4,,0,0,0,0,0,0,0,0,0,,0,0,,0,0,0,0
1658348083759,2,72,72,,0,0,0,1,0,,0,0,0,0,0,0,6.5,,0,0,0,0,0,0,0,0,0,,0,0,,0,0,0,0
1658348084009,2,72,72,,0,0,0,1,0,,0,0,0,0,0,0,0.1,,0,0,0,0,0,0,0,0,0,,0,0,,0,0,0,0
1658348084259,2,72,72,,0,0,0,1,0,,0,0,0,0,0,0,11,,0,0,0,0,0,0,0,0,0,,0,0,,0,0,0,0
1658348084509,2,72,72,,0,0,0,1,0,,0,0,0,0,0,0,4.75,,0,0,0,0,0,0,0,0,0,,0,0,,0,0,0,0
1658348084759,2,72,72,,0,0,0,1,0,,0,0,0,0,0,0,4,,0,0,0,0,0,0,0,0,0,,0,0,,0,0,0,0
1658348085009,2,72,72,,0,0,0,1,0,,0,0,0,0,0,0,9.33333,,0,0,0,0,0,0,0,0,0,,0,0,,0,0,0,0
1658348085259,2,72,72,,0,0,0,1,0,,0,0,0,0,0,0,5,,0,0,0,0,0,0,0,0,0,,0,0,,0,0,0,0
1658348085509,2,72,72,,0,0,0,1,0,,0,0,0,0,0,0,11.75,,0,0,0,0,0,0,0,0,0,,0,0,,0,0,0,0
1658348085759,2,72,72,,0,0,0,1,0,,0,0,0,0,0,0,7.25,,0,0,0,0,0,0,0,0,0,,0,0,,0,0,0,0
1658348086009,2,72,72,,0,0,0,1,0,,0,0,0,0,0,0,5.25,,0,0,0,0,0,0,0,0,0,,0,0,,0,0,0,0
1658348086259,2,72,72,,0,0,0,1,0,,0,0,0,0,0,0,10.75,,0,0,0,0,0,0,0,0,0,,0,0,,0,0,0,0
1658348086509,2,72,72,,0,0,0,1,0,,0,0,0,0,0,0,6.5,,0,0,0,0,0,0,0,0,0,,0,0,,0,0,0,0
1658348086759,2,72,72,,0,0,0,1,0,,0,0,0,0,0,0,7.75,,0,0,0,0,0,0,0,0,0,,0,0,,0,0,0,0
1658348087009,2,72,72,,0,0,0,1,0,,0,0,0,0,0,0,11.3333,,0,0,0,0,0,0,0,0,0,,0,0,,0,0,0,0
1658348087259,2,72,72,,0,0,0,1,0,,0,0,0,0,0,0,7.33333,,0,0,0,0,0,0,0,0,0,,0,0,,0,0,0,0
1658348087509,2,72,72,,0,0,0,1,0,,0,0,0,0,0,0,6,,0,0,0,0,0,0,0,0,0,,0,0,,0,0,0,0
1658348087759,2,72,72,,0,0,0,1,0,,0,0,0,0,0,0,1,,0,0,0,0,0,0,0,0,0,,0,0,,0,0,0,0
1658348088009,2,72,72,,0,0,0,1,0,,0,0,0,0,0,0,13,,0,0,0,0,0,0,0,0,0,,0,0,,0,0,0,0
1658348088259,2,72,72,,0,0,0,1,0,,0,0,0,0,0,0,0.1,,0,0,0,0,0,0,0,0,0,,0,0,,0,0,0,0
1658348088509,2,72,72,,0,0,0,1,0,,0,0,0,0,0,0,0.1,,0,0,0,0,0,0,0,0,0,,0,0,,0,0,0,0
1658348088759,2,72,72,,0,0,0,1,0,,0,0,0,0,0,0,0.1,,0,0,0,0,0,0,0,0,0,,0,0,,0,0,0,0
1658348089009,2,72,72,,0,0,0,1,0,,0,0,0,0,0,0,6,,0,0,0,0,0,0,0,0,0,,0,0,,0,0,0,0
1658348089259,2,72,72,,0,0,0,1,0,,0,0,0,0,0,0,7.5,,0,0,0,0,0,0,0,0,0,,0,0,,0,0,0,0
1658348089509,2,72,72,,0,0,0,1,0,,0,0,0,0,0,0,0.1,,0,0,0,0,0,0,0,0,0,,0,0,,0,0,0,0
1658348089759,2,72,72,,0,0,0,1,0,,0,0,0,0,0,0,5,,0,0,0,0,0,0,0,0,0,,0,0,,0,0,0,0
1658348090009,2,72,72,,0,0,0,1,0,,0,0,0,0,0,0,6.25,,0,0,0,0,0,0,0,0,0,,0,0,,0,0,0,0
1658348090259,2,72,72,,0,0,0,1,0,,0,0,0,0,0,0,6,,0,0,0,0,0,0,0,0,0,,0,0,,0,0,0,0
1658348090509,2,72,72,,0,0,0,1,0,,0,0,0,0,0,0,6.66667,,0,0,0,0,0,0,0,0,0,,0,0,,0,0,0,0
1658348090759,2,72,72,,0,0,0,1,0,,0,0,0,0,0,0,6.5,,0,0,0,0,0,0,0,0,0,,0,0,,0,0,0,0
1658348091009,2,72,72,,0,0,0,1,0,,0,0,0,0,0,0,2.33333,,0,0,0,0,0,0,0,0,0,,0,0,,0,0,0,0
1658348091259,2,72,72,,0,0,0,1,0,,0,0,0,0,0,0,11,,0,0,0,0,0,0,0,0,0,,0,0,,0,0,0,0
1658348091509,2,72,72,,0,0,0,1,0,,0,0,0,0,0,0,0.1,,0,0,0,0,0,0,0,0,0,,0,0,,0,0,0,0
1658348091759,2,72,72,,0,0,0,1,0,,0,0,0,0,0,0,6.25,,0,0,0,0,0,0,0,0,0,,0,0,,0,0,0,0
1658348092009,2,72,72,,0,0,0,1,0,,0,0,0,0,0,0,5,,0,0,0,0,0,0,0,0,0,,0,0,,0,0,0,0
1658348092259,2,72,72,,0,0,0,1,0,,0,0,0,0,0,0,7,,0,0,0,0,0,0,0,0,0,,0,0,,0,0,0,0
1658348092509,2,72,72,,0,0,0,1,0,,0,0,0,0,0,0,14,,0,0,0,0,0,0,0,0,0,,0,0,,0,0,0,0
1658348092759,2,72,72,,0,0,0,1,0,,0,0,0,0,0,0,8,,0,0,0,0,0,0,0,0,0,,0,0,,0,0,0,0
1658348093009,2,72,72,,0,0,0,1,0,,0,0,0,0,0,0,2.33333,,0,0,0,0,0,0,0,0,0,,0,0,,0,0,0,0
1658348093259,2,72,72,,0,0,0,1,0,,0,0,0,0,0,0,2,,0,0,0,0,0,0,0,0,0,,0,0,,0,0,0,0
1658348093509,2,72,72,,0,0,0,1,0,,0,0,0,0,0,0,0.1,,0,0,0,0,0,0,0,0,0,,0,0,,0,0,0,0
1658348093759,2,72,72,,0,0,0,1,0,,0,0,0,0,0,0,0.1,,0,0,0,0,0,0,0,0,0,,0,0,,0,0,0,0
1658348094009,2,72,72,,0,0,0,1,0,,0,0,0,0,0,0,0.1,,0,0,0,0,0,0,0,0,0,,0,0,,0,0,0,0
1658348094259,2,72,72,,0,0,0,1,0,,0,0,0,0,0,0,0.1,,0,0,0,0,0,0,0,0,0,,0,0,,0,0,0,0
1658348094509,2,72,72,,0,0,0,1,0,,0,0,0,0,0,0,12.5,,0,0,0,0,0,0,0,0,0,,0,0,,0,0,0,0
1658348094759,2,72,72,,0,0,0,1,0,,0,0,0,0,0,0,8.5,,0,0,0,0,0,0,0,0,0,,0,0,,0,0,0,0
1658348095009,2,72,72,,0,0,0,1,0,,0,0,0,0,0,0,0.1,,0,0,0,0,0,0,0,0,0,,0,0,,0,0,0,0
1658348095259,2,72,72,,0,0,0,1,0,,0,0,0,0,0,0,0.1,,0,0,0,0,0,0,0,0,0,,0,0,,0,0,0,0
1658348095509,2,72,72,,0,0,0,1,0,,0,0,0,0,0,0,0.1,,0,0,0,0,0,0,0,0,0,,0,0,,0,0,0,0
1658348095759,2,72,72,,0,0,0,1,0,,0,0,0,0,0,0,0.1,,0,0,0,0,0,0,0,0,0,,0,0,,0,0,0,0
1658348096009,2,72,72,,0,0,0,1,0,,0,0,0,0,0,0,10,,0,0,0,0,0,0,0,0,0,,0,0,,0,0,0,0
1658348096259,2,72,72,,0,0,0,1,0,,0,0,0,0,0,0,0.1,,0,0,0,0,0,0,0,0,0,,0,0,,0,0,0,0
1658348096509,2,72,72,,0,0,0,1,0,,0,0,0,0,0,0,4,,0,0,0,0,0,0,0,0,0,,0,0,,0,0,0,0
1658348096759,2,72,72,,0,0,0,1,0,,0,0,0,0,0,0,0.1,,0,0,0,0,0,0,0,0,0,,0,0,,0,0,0,0
1658348097009,2,72,72,,0,0,0,1,0,,0,0,0,0,0,0,13,,0,0,0,0,0,0,0,0,0,,0,0,,0,0,0,0
1658348097259,2,72,72,,0,0,0,1,0,,0,0,0,0,0,0,15,,0,0,0,0,0,0,0,0,0,,0,0,,0,0,0,0
1658348097509,2,72,72,,0,0,0,1,0,,0,0,0,0,0,0,0.1,,0,0,0,0,0,0,0,0,0,,0,0,,0,0,0,0
1658348097759,2,72,72,,0,0,0,1,0,,0,0,0,0,0,0,6,,0,0,0,0,0,0,0,0,0,,0,0,,0,0,0,0
1658348098009,2,72,72,,0,0,0,1,0,,0,0,0,0,0,0,10,,0,0,0,0,0,0,0,0,0,,0,0,,0,0,0,0
1658348098259,2,72,72,,0,0,0,1,0,,0,0,0,0,0,0,4.75,,0,0,0,0,0,0,0,0,0,,0,0,,0,0,0,0
1658348098509,2,72,72,,0,0,0,1,0,,0,0,0,0,0,0,0.1,,0,0,0,0,0,0,0,0,0,,0,0,,0,0,0,0
1658348098759,2,72,72,,0,0,0,1,0,,0,0,0,0,0,0,7.66667,,0,0,0,0,0,0,0,0,0,,0,0,,0,0,0,0
1658348099009,2,72,72,,0,0,0,1,0,,0,0,0,0,0,0,5.28571,,0,0,0,0,0,0,0,0,0,,0,0,,0,0,0,0
1658348099259,2,72,72,,0,0,0,1,0,,0,0,0,0,0,0,10.5,,0,0,0,0,0,0,0,0,0,,0,0,,0,0,0,0
1658348099509,2,72,72,,0,0,0,1,0,,0,0,0,0,0,0,8,,0,0,0,0,0,0,0,0,0,,0,0,,0,0,0,0
1658348099759,2,72,72,,0,0,0,1,0,,0,0,0,0,0,0,7.5,,0,0,0,0,0,0,0,0,0,,0,0,,0,0,0,0
1658348100009,2,72,72,,0,0,0,1,0,,0,0,0,0,0,0,5.5,,0,0,0,0,0,0,0,0,0,,0,0,,0,0,0,0
1658348100259,2,72,72,,0,0,0,1,0,,0,0,0,0,0,0,11,,0,0,0,0,0,0,0,0,0,,0,0,,0,0,0,0
1658348100509,2,72,72,,0,0,0,1,0,,0,0,0,0,0,0,15,,0,0,0,0,0,0,0,0,0,,0,0,,0,0,0,0
1658348100759,2,72,72,,0,0,0,1,0,,0,0,0,0,0,0,0.1,,0,0,0,0,0,0,0,0,0,,0,0,,0,0,0,0
1658348101009,2,72,72,,0,0,0,1,0,,0,0,0,0,0,0,0.1,,0,0,0,0,0,0,0,0,0,,0,0,,0,0,0,0
1658348101259,2,72,72,,0,0,0,1,0,,0,0,0,0,0,0,7.5,,0,0,0,0,0,0,0,0,0,,0,0,,0,0,0,0
1658348101509,2,72,72,,0,0,0,1,0,,0,0,0,0,0,0,14,,0,0,0,0,0,0,0,0,0,,0,0,,0,0,0,0
1658348101759,2,72,72,,0,0,0,1,0,,0,0,0,0,0,0,12,,0,0,0,0,0,0,0,0,0,,0,0,,0,0,0,0
1658348102009,2,72,72,,0,0,0,1,0,,0,0,0,0,0,0,0.1,,0,0,0,0,0,0,0,0,0,,0,0,,0,0,0,0
1658348102259,2,72,72,,0,0,0,1,0,,0,0,0,0,0,0,5.5,,0,0,0,0,0,0,0,0,0,,0,0,,0,0,0,0
1658348102509,2,72,72,,0,0,0,1,0,,0,0,0,0,0,0,2,,0,0,0,0,0,0,0,0,0,,0,0,,0,0,0,0
1658348102759,2,72,72,,0,0,0,1,0,,0,0,0,0,0,0,6.5,,0,0,0,0,0,0,0,0,0,,0,0,,0,0,0,0
1658348103009,2,72,72,,0,0,0,1,0,,0,0,0,0,0,0,5,,0,0,0,0,0,0,0,0,0,,0,0,,0,0,0,0
1658348103259,2,72,72,,0,0,0,1,0,,0,0,0,0,0,0,9,,0,0,0,0,0,0,0,0,0,,0,0,,0,0,0,0
1658348103509,2,72,72,,0,0,0,1,0,,0,0,0,0,0,0,4,,0,0,0,0,0,0,0,0,0,,0,0,,0,0,0,0
1658348103759,2,72,72,,0,0,0,1,0,,0,0,0,0,0,0,7.8,,0,0,0,0,0,0,0,0,0,,0,0,,0,0,0,0
1658348104009,2,72,72,,0,0,0,1,0,,0,0,0,0,0,0,10.6,,0,0,0,0,0,0,0,0,0,,0,0,,0,0,0,0
1658348104259,2,72,72,,0,0,0,1,0,,0,0,0,0,0,0,7.33333,,0,0,0,0,0,0,0,0,0,,0,0,,0,0,0,0
1658348104509,2,72,72,,0,0,0,1,0,,0,0,0,0,0,0,4.66667,,0,0,0,0,0,0,0,0,0,,0,0,,0,0,0,0
1658348104759,2,72,72,,0,0,0,1,0,,0,0,0,0,0,0,5,,0,0,0,0,0,0,0,0,0,,0,0,,0,0,0,0
1658348105009,2,72,72,,0,0,0,1,0,,0,0,0,0,0,0,5.5,,0,0,0,0,0,0,0,0,0,,0,0,,0,0,0,0
1658348105259,2,72,72,,0,0,0,1,0,,0,0,0,0,0,0,7.33333,,0,0,0,0,0,0,0,0,0,,0,0,,0,0,0,0
1658348105509,2,72,72,,0,0,0,1,0,,0,0,0,0,0,0,4,,0,0,0,0,0,0,0,0,0,,0,0,,0,0,0,0
1658348105759,2,72,72,,0,0,0,1,0,,0,0,0,0,0,0,2,,0,0,0,0,0,0,0,0,0,,0,0,,0,0,0,0
1658348106009,2,72,72,,0,0,0,1,0,,0,0,0,0,0,0,3,,0,0,0,0,0,0,0,0,0,,0,0,,0,0,0,0
1658348106259,2,72,72,,0,0,0,1,0,,0,0,0,0,0,0,0.1,,0,0,0,0,0,0,0,0,0,,0,0,,0,0,0,0
1658348106509,2,72,72,,0,0,0,1,0,,0,0,0,0,0,0,0.1,,0,0,0,0,0,0,0,0,0,,0,0,,0,0,0,0
1658348106759,2,72,72,,0,0,0,1,0,,0,0,0,0,0,0,6,,0,0,0,0,0,0,0,0,0,,0,0,,0,0,0,0
1658348107009,2,72,72,,0,0,0,1,0,,0,0,0,0,0,0,3.33333,,0,0,0,0,0,0,0,0,0,,0,0,,0,0,0,0
1658348107259,2,72,72,,0,0,0,1,0,,0,0,0,0,0,0,8.5,,0,0,0,0,0,0,0,0,0,,0,0,,0,0,0,0
1658348107509,2,72,72,,0,0,0,1,0,,0,0,0,0,0,0,0.1,,0,0,0,0,0,0,0,0,0,,0,0,,0,0,0,0
1658348107759,2,72,72,,0,0,0,1,0,,0,0,0,0,0,0,7,,0,0,0,0,0,0,0,0,0,,0,0,,0,0,0,0
1658348108009,2,72,72,,0,0,0,1,0,,0,0,0,0,0,0,6.66667,,0,0,0,0,0,0,0,0,0,,0,0,,0,0,0,0
1658348108259,2,72,72,,0,0,0,1,0,,0,0,0,0,0,0,1,,0,0,0,0,0,0,0,0,0,,0,0,,0,0,0,0
1658348108509,2,72,72,,0,0,0,1,0,,0,0,0,0,0,0,5,,0,0,0,0,0,0,0,0,0,,0,0,,0,0,0,0
1658348108759,2,72,72,,0,0,0,1,0,,0,0,0,0,0,0,10.3333,,0,0,0,0,0,0,0,0,0,,0,0,,0,0,0,0
1658348109009,2,72,72,,0,0,0,1,0,,0,0,0,0,0,0,6.8,,0,0,0,0,0,0,0,0,0,,0,0,,0,0,0,0
1658348109259,2,72,72,,0,0,0,1,0,,0,0,0,0,0,0,1.5,,0,0,0,0,0,0,0,0,0,,0,0,,0,0,0,0
1658348109509,2,72,72,,0,0,0,1,0,,0,0,0,0,0,0,5,,0,0,0,0,0,0,0,0,0,,0,0,,0,0,0,0
1658348109759,2,72,72,,0,0,0,1,0,,0,0,0,0,0,0,3,,0,0,0,0,0,0,0,0,0,,0,0,,0,0,0,0
1658348110009,2,72,72,,0,0,0,1,0,,0,0,0,0,0,0,6,,0,0,0,0,0,0,0,0,0,,0,0,,0,0,0,0
1658348110259,2,72,72,,0,0,0,1,0,,0,0,0,0,0,0,9,,0,0,0,0,0,0,0,0,0,,0,0,,0,0,0,0
1658348110509,2,72,72,,0,0,0,1,0,,0,0,0,0,0,0,2,,0,0,0,0,0,0,0,0,0,,0,0,,0,0,0,0
1658348110759,2,72,72,,0,0,0,1,0,,0,0,0,0,0,0,4.66667,,0,0,0,0,0,0,0,0,0,,0,0,,0,0,0,0
1658348111009,2,72,72,,0,0,0,1,0,,0,0,0,0,0,0,6,,0,0,0,0,0,0,0,0,0,,0,0,,0,0,0,0
1658348111259,2,72,72,,0,0,0,1,0,,0,0,0,0,0,0,0.1,,0,0,0,0,0,0,0,0,0,,0,0,,0,0,0,0
1658348111509,2,72,72,,0,0,0,1,0,,0,0,0,0,0,0,8.25,,0,0,0,0,0,0,0,0,0,,0,0,,0,0,0,0
1658348111759,2,72,72,,0,0,0,1,0,,0,0,0,0,0,0,6.2,,0,0,0,0,0,0,0,0,0,,0,0,,0,0,0,0
1658348112009,2,72,72,,0,0,0,1,0,,0,0,0,0,0,0,10.5,,0,0,0,0,0,0,0,0,0,,0,0,,0,0,0,0
1658348112259,2,72,72,,0,0,0,1,0,,0,0,0,0,0,0,5,,0,0,0,0,0,0,0,0,0,,0,0,,0,0,0,0
1658348112509,2,72,72,,0,0,0,1,0,,0,0,0,0,0,0,8.5,,0,0,0,0,0,0,0,0,0,,0,0,,0,0,0,0
1658348112759,2,72,72,,0,0,0,1,0,,0,0,0,0,0,0,7,,0,0,0,0,0,0,0,0,0,,0,0,,0,0,0,0
1658348113009,2,72,72,,0,0,0,1,0,,0,0,0,0,0,0,9,,0,0,0,0,0,0,0,0,0,,0,0,,0,0,0,0
1658348113259,2,72,72,,0,0,0,1,0,,0,0,0,0,0,0,2.5,,0,0,0,0,0,0,0,0,0,,0,0,,0,0,0,0
1658348113509,2,72,72,,0,0,0,1,0,,0,0,0,0,0,0,5.33333,,0,0,0,0,0,0,0,0,0,,0,0,,0,0,0,0
1658348113759,2,72,72,,0,0,0,1,0,,0,0,0,0,0,0,12.5,,0,0,0,0,0,0,0,0,0,,0,0,,0,0,0,0
1658348114009,2,72,72,,0,0,0,1,0,,0,0,0,0,0,0,10.3333,,0,0,0,0,0,0,0,0,0,,0,0,,0,0,0,0
1658348114259,2,72,72,,0,0,0,1,0,,0,0,0,0,0,0,0.1,,0,0,0,0,0,0,0,0,0,,0,0,,0,0,0,0
1658348114509,2,72,72,,0,0,0,1,0,,0,0,0,0,0,0,4,,0,0,0,0,0,0,0,0,0,,0,0,,0,0,0,0
1658348114759,2,72,72,,0,0,0,1,0,,0,0,0,0,0,0,0.1,,0,0,0,0,0,0,0,0,0,,0,0,,0,0,0,0
1658348115009,2,72,72,,0,0,0,1,0,,0,0,0,0,0,0,6,,0,0,0,0,0,0,0,0,0,,0,0,,0,0,0,0
1658348115259,2,72,72,,0,0,0,1,0,,0,0,0,0,0,0,11.6667,,0,0,0,0,0,0,0,0,0,,0,0,,0,0,0,0
1658348115509,2,72,72,,0,0,0,1,0,,0,0,0,0,0,0,10,,0,0,0,0,0,0,0,0,0,,0,0,,0,0,0,0
1658348115759,2,72,72,,0,0,0,1,0,,0,0,0,0,0,0,12,,0,0,0,0,0,0,0,0,0,,0,0,,0,0,0,0
1658348116009,2,72,72,,0,0,0,1,0,,0,0,0,0,0,0,8.25,,0,0,0,0,0,0,0,0,0,,0,0,,0,0,0,0
1658348116259,2,72,72,,0,0,0,1,0,,0,0,0,0,0,0,1.66667,,0,0,0,0,0,0,0,0,0,,0,0,,0,0,0,0
1658348116509,2,72,72,,0,0,0,1,0,,0,0,0,0,0,0,10.75,,0,0,0,0,0,0,0,0,0,,0,0,,0,0,0,0
1658348116759,2,72,72,,0,0,0,1,0,,0,0,0,0,0,0,10,,0,0,0,0,0,0,0,0,0,,0,0,,0,0,0,0
1658348117009,2,72,72,,0,0,0,1,0,,0,0,0,0,0,0,13.5,,0,0,0,0,0,0,0,0,0,,0,0,,0,0,0,0
1658348117259,2,72,72,,0,0,0,1,0,,0,0,0,0,0,0,7,,0,0,0,0,0,0,0,0,0,,0,0,,0,0,0,0
1658348117509,2,72,72,,0,0,0,1,0,,0,0,0,0,0,0,7.75,,0,0,0,0,0,0,0,0,0,,0,0,,0,0,0,0
1658348117759,2,72,72,,0,0,0,1,0,,0,0,0,0,0,0,11.5,,0,0,0,0,0,0,0,0,0,,0,0,,0,0,0,0
1658348118009,2,72,72,,0,0,0,1,0,,0,0,0,0,0,0,7.75,,0,0,0,0,0,0,0,0,0,,0,0,,0,0,0,0
1658348118259,2,72,72,,0,0,0,1,0,,0,0,0,0,0,0,1,,0,0,0,0,0,0,0,0,0,,0,0,,0,0,0,0
1658348118509,2,72,72,,0,0,0,1,0,,0,0,0,0,0,0,2,,0,0,0,0,0,0,0,0,0,,0,0,,0,0,0,0
1658348118759,2,72,72,,0,0,0,1,0,,0,0,0,0,0,0,5.66667,,0,0,0,0,0,0,0,0,0,,0,0,,0,0,0,0
1658348119009,2,72,72,,0,0,0,1,0,,0,0,0,0,0,0,12,,0,0,0,0,0,0,0,0,0,,0,0,,0,0,0,0
1658348119259,2,72,72,,0,0,0,1,0,,0,0,0,0,0,0,7.66667,,0,0,0,0,0,0,0,0,0,,0,0,,0,0,0,0
1658348119509,2,72,72,,0,0,0,1,0,,0,0,0,0,0,0,10,,0,0,0,0,0,0,0,0,0,,0,0,,0,0,0,0
1658348119759,2,72,72,,0,0,0,1,0,,0,0,0,0,0,0,5.33333,,0,0,0,0,0,0,0,0,0,,0,0,,0,0,0,0
1658348120009,2,72,72,,0,0,0,1,0,,0,0,0,0,0,0,2.33333,,0,0,0,0,0,0,0,0,0,,0,0,,0,0,0,0
1658348120259,2,72,72,,0,0,0,1,0,,0,0,0,0,0,0,5,,0,0,0,0,0,0,0,0,0,,0,0,,0,0,0,0
1658348120509,2,72,72,,0,0,0,1,0,,0,0,0,0,0,0,8,,0,0,0,0,0,0,0,0,0,,0,0,,0,0,0,0
1658348120759,2,72,72,,0,0,0,1,0,,0,0,0,0,0,0,8.5,,0,0,0,0,0,0,0,0,0,,0,0,,0,0,0,0
1658348121009,2,72,72,,0,0,0,1,0,,0,0,0,0,0,0,4.5,,0,0,0,0,0,0,0,0,0,,0,0,,0,0,0,0
1658348121259,2,72,72,,0,0,0,1,0,,0,0,0,0,0,0,5.66667,,0,0,0,0,0,0,0,0,0,,0,0,,0,0,0,0
1658348121509,2,72,72,,0,0,0,1,0,,0,0,0,0,0,0,6.66667,,0,0,0,0,0,0,0,0,0,,0,0,,0,0,0,0
1658348121759,2,72,72,,0,0,0,1,0,,0,0,0,0,0,0,0.1,,0,0,0,0,0,0,0,0,0,,0,0,,0,0,0,0
1658348122009,2,72,72,,0,0,0,1,0,,0,0,0,0,0,0,7,,0,0,0,0,0,0,0,0,0,,0,0,,0,0,0,0
1658348122259,2,72,72,,0,0,0,1,0,,0,0,0,0,0,0,7,,0,0,0,0,0,0,0,0,0,,0,0,,0,0,0,0
1658348122509,2,72,72,,0,0,0,1,0,,0,0,0,0,0,0,4,,0,0,0,0,0,0,0,0,0,,0,0,,0,0,0,0
1658348122759,2,72,72,,0,0,0,1,0,,0,0,0,0,0,0,15,,0,0,0,0,0,0,0,0,0,,0,0,,0,0,0,0
1658348123009,2,72,72,,0,0,0,1,0,,0,0,0,0,0,0,11,,0,0,0,0,0,0,0,0,0,,0,0,,0,0,0,0
1658348123259,2,72,72,,0,0,0,1,0,,0,0,0,0,0,0,9,,0,0,0,0,0,0,0,0,0,,0,0,,0,0,0,0
1658348123509,2,72,72,,0,0,0,1,0,,0,0,0,0,0,0,6,,0,0,0,0,0,0,0,0,0,,0,0,,0,0,0,0
1658348123759,2,72,72,,0,0,0,1,0,,0,0,0,0,0,0,0.1,,0,0,0,0,0,0,0,0,0,,0,0,,0,0,0,0
1658348124009,2,72,72,,0,0,0,1,0,,0,0,0,0,0,0,4,,0,0,0,0,0,0,0,0,0,,0,0,,0,0,0,0
1658348124259,2,72,72,,0,0,0,1,0,,0,0,0,0,0,0,6,,0,0,0,0,0,0,0,0,0,,0,0,,0,0,0,0
1658348124509,2,72,72,,0,0,0,1,0,,0,0,0,0,0,0,1,,0,0,0,0,0,0,0,0,0,,0,0,,0,0,0,0
1658348124759,2,72,72,,0,0,0,1,0,,0,0,0,0,0,0,4,,0,0,0,0,0,0,0,0,0,,0,0,,0,0,0,0
1658348125009,2,72,72,,0,0,0,1,0,,0,0,0,0,0,0,0.1,,0,0,0,0,0,0,0,0,0,,0,0,,0,0,0,0
1658348125259,2,72,72,,0,0,0,1,0,,0,0,0,0,0,0,10.5,,0,0,0,0,0,0,0,0,0,,0,0,,0,0,0,0
1658348125509,2,72,72,,0,0,0,1,0,,0,0,0,0,0,0,8,,0,0,0,0,0,0,0,0,0,,0,0,,0,0,0,0
1658348125759,2,72,72,,0,0,0,1,0,,0,0,0,0,0,0,8.5,,0,0,0,0,0,0,0,0,0,,0,0,,0,0,0,0
1658348126009,2,72,72,,0,0,0,1,0,,0,0,0,0,0,0,0.1,,0,0,0,0,0,0,0,0,0,,0,0,,0,0,0,0
1658348126259,2,72,72,,0,0,0,1,0,,0,0,0,0,0,0,4.5,,0,0,0,0,0,0,0,0,0,,0,0,,0,0,0,0
1658348126509,2,72,72,,0,0,0,1,0,,0,0,0,0,0,0,0.1,,0,0,0,0,0,0,0,0,0,,0,0,,0,0,0,0
1658348126759,2,72,72,,0,0,0,1,0,,0,0,0,0,0,0,10.5,,0,0,0,0,0,0,0,0,0,,0,0,,0,0,0,0
1658348127009,2,72,72,,0,0,0,1,0,,0,0,0,0,0,0,14,,0,0,0,0,0,0,0,0,0,,0,0,,0,0,0,0
1658348127259,2,72,72,,0,0,0,1,0,,0,0,0,0,0,0,0.1,,0,0,0,0,0,0,0,0,0,,0,0,,0,0,0,0
1658348127509,2,72,72,,0,0,0,1,0,,0,0,0,0,0,0,0.1,,0,0,0,0,0,0,0,0,0,,0,0,,0,0,0,0
1658348127759,2,72,72,,0,0,0,1,0,,0,0,0,0,0,0,3,,0,0,0,0,0,0,0,0,0,,0,0,,0,0,0,0
1658348128009,2,72,72,,0,0,0,1,0,,0,0,0,0,0,0,10.5,,0,0,0,0,0,0,0,0,0,,0,0,,0,0,0,0
1658348128259,2,72,72,,0,0,0,1,0,,0,0,0,0,0,0,6,,0,0,0,0,0,0,0,0,0,,0,0,,0,0,0,0
1658348128509,2,72,72,,0,0,0,1,0,,0,0,0,0,0,0,0.1,,0,0,0,0,0,0,0,0,0,,0,0,,0,0,0,0
1658348128759,2,72,72,,0,0,0,1,0,,0,0,0,0,0,0,13,,0,0,0,0,0,0,0,0,0,,0,0,,0,0,0,0
1658348129009,2,72,72,,0,0,0,1,0,,0,0,0,0,0,0,4.5,,0,0,0,0,0,0,0,0,0,,0,0,,0,0,0,0
1658348129259,2,72,72,,0,0,0,1,0,,0,0,0,0,0,0,8.33333,,0,0,0,0,0,0,0,0,0,,0,0,,0,0,0,0
1658348129509,2,72,72,,0,0,0,1,0,,0,0,0,0,0,0,10.2,,0,0,0,0,0,0,0,0,0,,0,0,,0,0,0,0
1658348129759,2,72,72,,0,0,0,1,0,,0,0,0,0,0,0,7.66667,,0,0,0,0,0,0,0,0,0,,0,0,,0,0,0,0
1658348130009,2,72,72,,0,0,0,1,0,,0,0,0,0,0,0,6.66667,,0,0,0,0,0,0,0,0,0,,0,0,,0,0,0,0
1658348130259,2,72,72,,0,0,0,1,0,,0,0,0,0,0,0,12,,0,0,0,0,0,0,0,0,0,,0,0,,0,0,0,0
1658348130509,2,72,72,,0,0,0,1,0,,0,0,0,0,0,0,6,,0,0,0,0,0,0,0,0,0,,0,0,,0,0,0,0
1658348130759,2,72,72,,0,0,0,1,0,,0,0,0,0,0,0,6.33333,,0,0,0,0,0,0,0,0,0,,0,0,,0,0,0,0
1658348131009,2,72,72,,0,0,0,1,0,,0,0,0,0,0,0,11.5,,0,0,0,0,0,0,0,0,0,,0,0,,0,0,0,0
1658348131259,2,72,72,,0,0,0,1,0,,0,0,0,0,0,0,1,,0,0,0,0,0,0,0,0,0,,0,0,,0,0,0,0
1658348131509,2,72,72,,0,0,0,1,0,,0,0,0,0,0,0,0.1,,0,0,0,0,0,0,0,0,0,,0,0,,0,0,0,0
1658348131759,2,72,72,,0,0,0,1,0,,0,0,0,0,0,0,9,,0,0,0,0,0,0,0,0,0,,0,0,,0,0,0,0
1658348132009,2,72,72,,0,0,0,1,0,,0,0,0,0,0,0,0.1,,0,0,0,0,0,0,0,0,0,,0,0,,0,0,0,0
1658348132259,2,72,72,,0,0,0,1,0,,0,0,0,0,0,0,11.3333,,0,0,0,0,0,0,0,0,0,,0,0,,0,0,0,0
1658348132509,2,72,72,,0,0,0,1,0,,0,0,0,0,0,0,0.1,,0,0,0,0,0,0,0,0,0,,0,0,,0,0,0,0
1658348132759,2,72,72,,0,0,0,1,0,,0,0,0,0,0,0,4,,0,0,0,0,0,0,0,0,0,,0,0,,0,0,0,0
1658348133009,2,72,72,,0,0,0,1,0,,0,0,0,0,0,0,6,,0,0,0,0,0,0,0,0,0,,0,0,,0,0,0,0
1658348133259,2,72,72,,0,0,0,1,0,,0,0,0,0,0,0,9,,0,0,0,0,0,0,0,0,0,,0,0,,0,0,0,0
1658348133509,2,72,72,,0,0,0,1,0,,0,0,0,0,0,0,10,,0,0,0,0,0,0,0,0,0,,0,0,,0,0,0,0
1658348133759,2,72,72,,0,0,0,1,0,,0,0,0,0,0,0,2.5,,0,0,0,0,0,0,0,0,0,,0,0,,0,0,0,0
1658348134009,2,72,72,,0,0,0,1,0,,0,0,0,0,0,0,12,,0,0,0,0,0,0,0,0,0,,0,0,,0,0,0,0
1658348134259,2,72,72,,0,0,0,1,0,,0,0,0,0,0,0,10,,0,0,0,0,0,0,0,0,0,,0,0,,0,0,0,0
1658348134509,2,72,72,,0,0,0,1,0,,0,0,0,0,0,0,14,,0,0,0,0,0,0,0,0,0,,0,0,,0,0,0,0
1658348134759,2,72,72,,0,0,0,1,0,,0,0,0,0,0,0,7.5,,0,0,0,0,0,0,0,0,0,,0,0,,0,0,0,0
1658348135009,2,72,72,,0,0,0,1,0,,0,0,0,0,0,0,5.75,,0,0,0,0,0,0,0,0,0,,0,0,,0,0,0,0
1658348135259,2,72,72,,0,0,0,1,0,,0,0,0,0,0,0,7.33333,,0,0,0,0,0,0,0,0,0,,0,0,,0,0,0,0
1658348135509,2,72,72,,0,0,0,1,0,,0,0,0,0,0,0,8.5,,0,0,0,0,0,0,0,0,0,,0,0,,0,0,0,0
1658348135759,2,72,72,,0,0,0,1,0,,0,0,0,0,0,0,6.33333,,0,0,0,0,0,0,0,0,0,,0,0,,0,0,0,0
1658348136009,2,72,72,,0,0,0,1,0,,0,0,0,0,0,0,10.3333,,0,0,0,0,0,0,0,0,0,,0,0,,0,0,0,0
1658348136259,2,72,72,,0,0,0,1,0,,0,0,0,0,0,0,5,,0,0,0,0,0,0,0,0,0,,0,0,,0,0,0,0
1658348136509,2,72,72,,0,0,0,1,0,,0,0,0,0,0,0,0.1,,0,0,0,0,0,0,0,0,0,,0,0,,0,0,0,0
1658348136759,2,72,72,,0,0,0,1,0,,0,0,0,0,0,0,0.1,,0,0,0,0,0,0,0,0,0,,0,0,,0,0,0,0
1658348137009,2,72,72,,0,0,0,1,0,,0,0,0,0,0,0,8,,0,0,0,0,0,0,0,0,0,,0,0,,0,0,0,0
1658348137259,2,72,72,,0,0,0,1,0,,0,0,0,0,0,0,10.3333,,0,0,0,0,0,0,0,0,0,,0,0,,0,0,0,0
1658348137509,2,72,72,,0,0,0,1,0,,0,0,0,0,0,0,5,,0,0,0,0,0,0,0,0,0,,0,0,,0,0,0,0
1658348137759,2,72,72,,0,0,0,1,0,,0,0,0,0,0,0,4.5,,0,0,0,0,0,0,0,0,0,,0,0,,0,0,0,0
1658348138009,2,72,72,,0,0,0,1,0,,0,0,0,0,0,0,6,,0,0,0,0,0,0,0,0,0,,0,0,,0,0,0,0
1658348138259,2,72,72,,0,0,0,1,0,,0,0,0,0,0,0,9.5,,0,0,0,0,0,0,0,0,0,,0,0,,0,0,0,0
1658348138509,2,72,72,,0,0,0,1,0,,0,0,0,0,0,0,0.1,,0,0,0,0,0,0,0,0,0,,0,0,,0,0,0,0
1658348138759,2,72,72,,0,0,0,1,0,,0,0,0,0,0,0,12.75,,0,0,0,0,0,0,0,0,0,,0,0,,0,0,0,0
1658348139009,2,72,72,,0,0,0,1,0,,0,0,0,0,0,0,8.16667,,0,0,0,0,0,0,0,0,0,,0,0,,0,0,0,0
1658348139259,2,72,72,,0,0,0,1,0,,0,0,0,0,0,0,10,,0,0,0,0,0,0,0,0,0,,0,0,,0,0,0,0
1658348139509,2,72,72,,0,0,0,1,0,,0,0,0,0,0,0,7,,0,0,0,0,0,0,0,0,0,,0,0,,0,0,0,0
1658348139759,2,72,72,,0,0,0,1,0,,0,0,0,0,0,0,1.5,,0,0,0,0,0,0,0,0,0,,0,0,,0,0,0,0
1658348140009,2,72,72,,0,0,0,1,0,,0,0,0,0,0,0,9,,0,0,0,0,0,0,0,0,0,,0,0,,0,0,0,0
1658348140259,2,72,72,,0,0,0,1,0,,0,0,0,0,0,0,6,,0,0,0,0,0,0,0,0,0,,0,0,,0,0,0,0
1658348140509,2,72,72,,0,0,0,1,0,,0,0,0,0,0,0,0.1,,0,0,0,0,0,0,0,0,0,,0,0,,0,0,0,0
1658348140759,2,72,72,,0,0,0,1,0,,0,0,0,0,0,0,0.1,,0,0,0,0,0,0,0,0,0,,0,0,,0,0,0,0
1658348141009,2,72,72,,0,0,0,1,0,,0,0,0,0,0,0,13.5,,0,0,0,0,0,0,0,0,0,,0,0,,0,0,0,0
1658348141259,2,72,72,,0,0,0,1,0,,0,0,0,0,0,0,8.75,,0,0,0,0,0,0,0,0,0,,0,0,,0,0,0,0
1658348141509,2,72,72,,0,0,0,1,0,,0,0,0,0,0,0,3,,0,0,0,0,0,0,0,0,0,,0,0,,0,0,0,0
1658348141759,2,72,72,,0,0,0,1,0,,0,0,0,0,0,0,8.5,,0,0,0,0,0,0,0,0,0,,0,0,,0,0,0,0
1658348142009,2,72,72,,0,0,0,1,0,,0,0,0,0,0,0,9,,0,0,0,0,0,0,0,0,0,,0,0,,0,0,0,0
1658348142259,2,72,72,,0,0,0,1,0,,0,0,0,0,0,0,11,,0,0,0,0,0,0,0,0,0,,0,0,,0,0,0,0
1658348142509,2,72,72,,0,0,0,1,0,,0,0,0,0,0,0,13,,0,0,0,0,0,0,0,0,0,,0,0,,0,0,0,0
1658348142759,2,72,72,,0,0,0,1,0,,0,0,0,0,0,0,8,,0,0,0,0,0,0,0,0,0,,0,0,,0,0,0,0
1658348143009,2,72,72,,0,0,0,1,0,,0,0,0,0,0,0,4.66667,,0,0,0,0,0,0,0,0,0,,0,0,,0,0,0,0
1658348143259,2,72,72,,0,0,0,1,0,,0,0,0,0,0,0,7,,0,0,0,0,0,0,0,0,0,,0,0,,0,0,0,0
1658348143509,2,72,72,,0,0,0,1,0,,0,0,0,0,0,0,7.75,,0,0,0,0,0,0,0,0,0,,0,0,,0,0,0,0
1658348143759,2,72,72,,0,0,0,1,0,,0,0,0,0,0,0,0.1,,0,0,0,0,0,0,0,0,0,,0,0,,0,0,0,0
1658348144009,2,72,72,,0,0,0,1,0,,0,0,0,0,0,0,0.1,,0,0,0,0,0,0,0,0,0,,0,0,,0,0,0,0
1658348144259,2,72,72,,0,0,0,1,0,,0,0,0,0,0,0,7,,0,0,0,0,0,0,0,0,0,,0,0,,0,0,0,0
1658348144509,2,72,72,,0,0,0,1,0,,0,0,0,0,0,0,5.75,,0,0,0,0,0,0,0,0,0,,0,0,,0,0,0,0
1658348144759,2,72,72,,0,0,0,1,0,,0,0,0,0,0,0,15,,0,0,0,0,0,0,0,0,0,,0,0,,0,0,0,0
1658348145009,2,72,72,,0,0,0,1,0,,0,0,0,0,0,0,8,,0,0,0,0,0,0,0,0,0,,0,0,,0,0,0,0
1658348145259,2,72,72,,0,0,0,1,0,,0,0,0,0,0,0,7.5,,0,0,0,0,0,0,0,0,0,,0,0,,0,0,0,0
1658348145509,2,72,72,,0,0,0,1,0,,0,0,0,0,0,0,8.5,,0,0,0,0,0,0,0,0,0,,0,0,,0,0,0,0
1658348145759,2,72,72,,0,0,0,1,0,,0,0,0,0,0,0,11.5,,0,0,0,0,0,0,0,0,0,,0,0,,0,0,0,0
1658348146009,2,72,72,,0,0,0,1,0,,0,0,0,0,0,0,10,,0,0,0,0,0,0,0,0,0,,0,0,,0,0,0,0
1658348146259,2,72,72,,0,0,0,1,0,,0,0,0,0,0,0,10,,0,0,0,0,0,0,0,0,0,,0,0,,0,0,0,0
1658348146509,2,72,72,,0,0,0,1,0,,0,0,0,0,0,0,5,,0,0,0,0,0,0,0,0,0,,0,0,,0,0,0,0
1658348146759,2,72,72,,0,0,0,1,0,,0,0,0,0,0,0,10,,0,0,0,0,0,0,0,0,0,,0,0,,0,0,0,0
1658348147009,2,72,72,,0,0,0,1,0,,0,0,0,0,0,0,9.5,,0,0,0,0,0,0,0,0,0,,0,0,,0,0,0,0
1658348147259,2,72,72,,0,0,0,1,0,,0,0,0,0,0,0,2,,0,0,0,0,0,0,0,0,0,,0,0,,0,0,0,0
1658348147509,2,72,72,,0,0,0,1,0,,0,0,0,0,0,0,10.3333,,0,0,0,0,0,0,0,0,0,,0,0,,0,0,0,0
1658348147759,2,72,72,,0,0,0,1,0,,0,0,0,0,0,0,6.5,,0,0,0,0,0,0,0,0,0,,0,0,,0,0,0,0
1658348148009,2,72,72,,0,0,0,1,0,,0,0,0,0,0,0,12,,0,0,0,0,0,0,0,0,0,,0,0,,0,0,0,0
1658348148259,2,72,72,,0,0,0,1,0,,0,0,0,0,0,0,8,,0,0,0,0,0,0,0,0,0,,0,0,,0,0,0,0
1658348148509,2,72,72,,0,0,0,1,0,,0,0,0,0,0,0,1,,0,0,0,0,0,0,0,0,0,,0,0,,0,0,0,0
1658348148759,2,72,72,,0,0,0,1,0,,0,0,0,0,0,0,11.3333,,0,0,0,0,0,0,0,0,0,,0,0,,0,0,0,0
1658348149009,2,72,72,,0,0,0,1,0,,0,0,0,0,0,0,0.1,,0,0,0,0,0,0,0,0,0,,0,0,,0,0,0,0
1658348149259,2,72,72,,0,0,0,1,0,,0,0,0,0,0,0,6,,0,0,0,0,0,0,0,0,0,,0,0,,0,0,0,0
1658348149509,2,72,72,,0,0,0,1,0,,0,0,0,0,0,0,8.5,,0,0,0,0,0,0,0,0,0,,0,0,,0,0,0,0
1658348149759,2,72,72,,0,0,0,1,0,,0,0,0,0,0,0,6,,0,0,0,0,0,0,0,0,0,,0,0,,0,0,0,0
1658348150009,2,72,72,,0,0,0,1,0,,0,0,0,0,0,0,0.1,,0,0,0,0,0,0,0,0,0,,0,0,,0,0,0,0
1658348150259,2,72,72,,0,0,0,1,0,,0,0,0,0,0,0,8.5,,0,0,0,0,0,0,0,0,0,,0,0,,0,0,0,0
1658348150509,2,72,72,,0,0,0,1,0,,0,0,0,0,0,0,0.1,,0,0,0,0,0,0,0,0,0,,0,0,,0,0,0,0
1658348150759,2,72,72,,0,0,0,1,0,,0,0,0,0,0,0,4,,0,0,0,0,0,0,0,0,0,,0,0,,0,0,0,0
1658348151009,2,72,72,,0,0,0,1,0,,0,0,0,0,0,0,7,,0,0,0,0,0,0,0,0,0,,0,0,,0,0,0,0
1658348151259,2,72,72,,0,0,0,1,0,,0,0,0,0,0,0,9,,0,0,0,0,0,0,0,0,0,,0,0,,0,0,0,0
1658348151509,2,72,72,,0,0,0,1,0,,0,0,0,0,0,0,6,,0,0,0,0,0,0,0,0,0,,0,0,,0,0,0,0
1658348151759,2,72,72,,0,0,0,1,0,,0,0,0,0,0,0,11.75,,0,0,0,0,0,0,0,0,0,,0,0,,0,0,0,0
1658348152009,2,72,72,,0,0,0,1,0,,0,0,0,0,0,0,11,,0,0,0,0,0,0,0,0,0,,0,0,,0,0,0,0
1658348152259,2,72,72,,0,0,0,1,0,,0,0,0,0,0,0,5,,0,0,0,0,0,0,0,0,0,,0,0,,0,0,0,0
1658348152509,2,72,72,,0,0,0,1,0,,0,0,0,0,0,0,9.66667,,0,0,0,0,0,0,0,0,0,,0,0,,0,0,0,0
1658348152759,2,72,72,,0,0,0,1,0,,0,0,0,0,0,0,8.5,,0,0,0,0,0,0,0,0,0,,0,0,,0,0,0,0
1658348153009,2,72,72,,0,0,0,1,0,,0,0,0,0,0,0,14,,0,0,0,0,0,0,0,0,0,,0,0,,0,0,0,0
1658348153259,2,72,72,,0,0,0,1,0,,0,0,0,0,0,0,5.5,,0,0,0,0,0,0,0,0,0,,0,0,,0,0,0,0
1658348153509,2,72,72,,0,0,0,1,0,,0,0,0,0,0,0,15,,0,0,0,0,0,0,0,0,0,,0,0,,0,0,0,0
1658348153759,2,72,72,,0,0,0,1,0,,0,0,0,0,0,0,7.66667,,0,0,0,0,0,0,0,0,0,,0,0,,0,0,0,0
1658348154009,2,72,72,,0,0,0,1,0,,0,0,0,0,0,0,1,,0,0,0,0,0,0,0,0,0,,0,0,,0,0,0,0
1658348154259,2,72,72,,0,0,0,1,0,,0,0,0,0,0,0,5.66667,,0,0,0,0,0,0,0,0,0,,0,0,,0,0,0,0
1658348154509,2,72,72,,0,0,0,1,0,,0,0,0,0,0,0,4,,0,0,0,0,0,0,0,0,0,,0,0,,0,0,0,0
1658348154759,2,72,72,,0,0,0,1,0,,0,0,0,0,0,0,8,,0,0,0,0,0,0,0,0,0,,0,0,,0,0,0,0
1658348155009,2,72,72,,0,0,0,1,0,,0,0,0,0,0,0,8.33333,,0,0,0,0,0,0,0,0,0,,0,0,,0,0,0,0
1658348155259,2,72,72,,0,0,0,1,0,,0,0,0,0,0,0,7,,0,0,0,0,0,0,0,0,0,,0,0,,0,0,0,0
1658348155509,2,72,72,,0,0,0,1,0,,0,0,0,0,0,0,4,,0,0,0,0,0,0,0,0,0,,0,0,,0,0,0,0
1658348155759,2,72,72,,0,0,0,1,0,,0,0,0,0,0,0,14,,0,0,0,0,0,0,0,0,0,,0,0,,0,0,0,0
1658348156009,2,72,72,,0,0,0,1,0,,0,0,0,0,0,0,5,,0,0,0,0,0,0,0,0,0,,0,0,,0,0,0,0
1658348156259,2,72,72,,0,0,0,1,0,,0,0,0,0,0,0,0.1,,0,0,0,0,0,0,0,0,0,,0,0,,0,0,0,0
1658348156509,2,72,72,,0,0,0,1,0,,0,0,0,0,0,0,0.1,,0,0,0,0,0,0,0,0,0,,0,0,,0,0,0,0
1658348156759,2,72,72,,0,0,0,1,0,,0,0,0,0,0,0,8.33333,,0,0,0,0,0,0,0,0,0,,0,0,,0,0,0,0
1658348157009,2,72,72,,0,0,0,1,0,,0,0,0,0,0,0,3.5,,0,0,0,0,0,0,0,0,0,,0,0,,0,0,0,0
1658348157259,2,72,72,,0,0,0,1,0,,0,0,0,0,0,0,7.5,,0,0,0,0,0,0,0,0,0,,0,0,,0,0,0,0
1658348157509,2,72,72,,0,0,0,1,0,,0,0,0,0,0,0,8.5,,0,0,0,0,0,0,0,0,0,,0,0,,0,0,0,0
1658348157759,2,72,72,,0,0,0,1,0,,0,0,0,0,0,0,11.6667,,0,0,0,0,0,0,0,0,0,,0,0,,0,0,0,0
1658348158009,2,72,72,,0,0,0,1,0,,0,0,0,0,0,0,10.5,,0,0,0,0,0,0,0,0,0,,0,0,,0,0,0,0
1658348158259,2,72,72,,0,0,0,1,0,,0,0,0,0,0,0,4,,0,0,0,0,0,0,0,0,0,,0,0,,0,0,0,0
1658348158509,2,72,72,,0,0,0,1,0,,0,0,0,0,0,0,0.1,,0,0,0,0,0,0,0,0,0,,0,0,,0,0,0,0
1658348158759,2,72,72,,0,0,0,1,0,,0,0,0,0,0,0,1,,0,0,0,0,0,0,0,0,0,,0,0,,0,0,0,0
1658348159009,2,72,72,,0,0,0,1,0,,0,0,0,0,0,0,5.33333,,0,0,0,0,0,0,0,0,0,,0,0,,0,0,0,0
1658348159259,2,72,72,,0,0,0,1,0,,0,0,0,0,0,0,14,,0,0,0,0,0,0,0,0,0,,0,0,,0,0,0,0
1658348159509,2,72,72,,0,0,0,1,0,,0,0,0,0,0,0,11,,0,0,0,0,0,0,0,0,0,,0,0,,0,0,0,0
1658348159759,2,72,72,,0,0,0,1,0,,0,0,0,0,0,0,14,,0,0,0,0,0,0,0,0,0,,0,0,,0,0,0,0
1658348160009,2,72,72,,0,0,0,1,0,,0,0,0,0,0,0,10,,0,0,0,0,0,0,0,0,0,,0,0,,0,0,0,0
1658348160259,2,72,72,,0,0,0,1,0,,0,0,0,0,0,0,5.66667,,0,0,0,0,0,0,0,0,0,,0,0,,0,0,0,0
1658348160509,2,72,72,,0,0,0,1,0,,0,0,0,0,0,0,8,,0,0,0,0,0,0,0,0,0,,0,0,,0,0,0,0
1658348160759,2,72,72,,0,0,0,1,0,,0,0,0,0,0,0,7,,0,0,0,0,0,0,0,0,0,,0,0,,0,0,0,0
1658348161009,2,72,72,,0,0,0,1,0,,0,0,0,0,0,0,14,,0,0,0,0,0,0,0,0,0,,0,0,,0,0,0,0
1658348161259,2,72,72,,0,0,0,1,0,,0,0,0,0,0,0,3,,0,0,0,0,0,0,0,0,0,,0,0,,0,0,0,0
1658348161509,2,72,72,,0,0,0,1,0,,0,0,0,0,0,0,10.3333,,0,0,0,0,0,0,0,0,0,,0,0,,0,0,0,0
1658348161759,2,72,72,,0,0,0,1,0,,0,0,0,0,0,0,6,,0,0,0,0,0,0,0,0,0,,0,0,,0,0,0,0
1658348162009,2,72,72,,0,0,0,1,0,,0,0,0,0,0,0,5.66667,,0,0,0,0,0,0,0,0,0,,0,0,,0,0,0,0
